player card id,first_name,last_name,gender,age,email,telephone number,state,player points
88057,North,Hagwood,Female,79,nhagwood0@stanford.edu,408-588-5846,California,1985
62811,Linell,Zelake,Female,52,lzelake1@flickr.com,504-387-1190,Louisiana,5161
20005,Schuyler,Bowcock,Female,63,sbowcock2@foxnews.com,704-674-4636,North Carolina,8953
65614,Tania,Hengoed,Non-binary,77,thengoed3@sbwire.com,808-722-9684,Hawaii,2025
23437,Gris,Vanin,Female,67,gvanin4@networksolutions.com,702-284-2729,Nevada,2372
16169,Court,Turfrey,Non-binary,56,cturfrey5@mozilla.org,717-261-0486,Pennsylvania,850
57162,Hermina,Puttan,Male,51,hputtan6@spiegel.de,612-653-5967,Minnesota,5371
96269,Niko,Wearne,Female,26,nwearne7@biglobe.ne.jp,609-853-3136,New Jersey,18
44127,Eberto,Portress,Female,75,eportress8@surveymonkey.com,714-559-5545,California,9128
97468,Michal,Crayk,Female,64,mcrayk9@virginia.edu,785-160-3016,Kansas,192
22275,Omero,Ormerod,Male,56,oormeroda@pbs.org,937-520-9779,Ohio,9386
21030,Jason,Lavery,Male,67,jlaveryb@mail.ru,408-485-8563,California,6939
67626,Josias,Pilch,Female,24,jpilchc@vimeo.com,914-484-8330,New York,5001
90759,Charles,Guppey,Female,39,cguppeyd@answers.com,937-610-0460,Ohio,2924
53835,Mella,Yourell,Female,47,myourelle@nhs.uk,336-201-8946,North Carolina,6073
37820,Antons,Barthelme,Female,63,abarthelmef@gmpg.org,847-223-9879,Illinois,9422
97633,Timmi,Whall,Male,76,twhallg@icq.com,302-302-3840,Delaware,3134
24962,Felizio,Kilkenny,Female,58,fkilkennyh@liveinternet.ru,918-104-0252,Oklahoma,2092
97182,Cara,Valder,Male,22,cvalderi@hp.com,918-582-0954,Oklahoma,4300
11073,Addison,Ridges,Male,51,aridgesj@cbc.ca,773-250-5897,Illinois,2829
13443,Olivie,Chesswas,Female,28,ochesswask@redcross.org,510-927-5717,California,7311
41632,Adda,Coltart,Non-binary,79,acoltartl@ted.com,337-986-3562,Louisiana,6251
11400,Vivi,McIlvoray,Female,67,vmcilvoraym@cdc.gov,334-474-2657,Alabama,894
96000,Valli,Bendell,Non-binary,43,vbendelln@altervista.org,267-676-2097,Pennsylvania,3517
41863,Dorothea,Maruska,Female,62,dmaruskao@youtu.be,636-462-4273,Missouri,2475
17660,Dickie,Yarmouth,Male,50,dyarmouthp@dagondesign.com,910-155-3197,North Carolina,7065
51570,Andriana,Milburne,Male,38,amilburneq@eventbrite.com,302-976-1789,Delaware,7650
99594,Vanda,Martina,Female,28,vmartinar@cyberchimps.com,704-612-6091,North Carolina,8831
67340,James,Antoniades,Female,30,jantoniadess@lulu.com,309-564-2139,Illinois,5427
81235,Zebulen,Bullough,Female,76,zbullought@ca.gov,601-757-4178,Mississippi,5231
34678,Frasier,Andrasch,Male,67,fandraschu@prweb.com,423-402-1018,Tennessee,6654
25894,Elsbeth,Wheldon,Male,41,ewheldonv@soundcloud.com,319-179-6984,Iowa,7665
46832,Tanny,Vlasyuk,Female,40,tvlasyukw@arizona.edu,760-938-5913,California,4148
63923,Paule,Playle,Female,32,pplaylex@nhs.uk,412-161-1087,Pennsylvania,5461
79073,Cris,Thalmann,Female,35,cthalmanny@uol.com.br,912-353-7034,Georgia,4116
65760,Delila,Colleer,Female,72,dcolleerz@sogou.com,570-351-8795,Pennsylvania,8890
21325,Raviv,Eblein,Non-binary,46,reblein10@zdnet.com,339-130-4412,Massachusetts,178
68245,Courtney,Montfort,Non-binary,51,cmontfort11@instagram.com,720-611-5733,Colorado,5833
12067,Wendie,Powdrill,Female,72,wpowdrill12@nsw.gov.au,616-731-2165,Michigan,3063
64379,Augy,Zuan,Female,36,azuan13@people.com.cn,325-475-3440,Texas,21
90512,Trey,Manach,Female,65,tmanach14@drupal.org,915-417-8271,Texas,6531
17469,Ave,Coombe,Non-binary,68,acoombe15@oracle.com,571-391-9030,Virginia,6623
96862,Hyacinth,Piell,Female,76,hpiell16@hp.com,706-368-2814,Georgia,6966
31634,Donia,Funnell,Male,52,dfunnell17@ca.gov,586-948-2809,Michigan,414
88128,Alfi,McIlwraith,Female,63,amcilwraith18@1und1.de,501-448-9756,Arkansas,4691
23896,Natala,Cherry Holme,Male,66,ncherryholme19@123-reg.co.uk,816-652-9932,Missouri,3315
20391,Sandor,Zellick,Female,56,szellick1a@opensource.org,360-558-1304,Washington,6897
67346,Irvin,Dahl,Non-binary,27,idahl1b@webs.com,408-465-8033,California,3157
82541,Selina,Fratczak,Female,65,sfratczak1c@istockphoto.com,801-460-1705,Utah,3427
75249,Mirna,Menel,Male,44,mmenel1d@moonfruit.com,617-131-1050,Massachusetts,5899
97365,Saundra,Mart,Female,42,smart1e@msn.com,859-492-2413,Kentucky,6155
80777,Raymund,Jayme,Female,24,rjayme1f@google.com,505-791-9623,New Mexico,619
92024,Faythe,Haverson,Male,23,fhaverson1g@t-online.de,813-544-2358,Florida,6621
24628,Allyce,Gammie,Male,76,agammie1h@theglobeandmail.com,336-986-8566,North Carolina,7691
85302,Evin,Vaugham,Female,28,evaugham1i@economist.com,615-195-0562,Tennessee,8709
43927,Kendre,Mettetal,Female,30,kmettetal1j@gmpg.org,816-593-9984,Missouri,6763
11143,Eloise,Ashmole,Male,56,eashmole1k@com.com,563-449-7942,Iowa,1414
97747,Lemmie,Tamblyn,Female,33,ltamblyn1l@boston.com,202-197-4418,District of Columbia,9040
46974,Janella,Waples,Female,22,jwaples1m@ca.gov,520-544-4107,Arizona,4539
17760,Illa,Gantzman,Female,79,igantzman1n@pagesperso-orange.fr,812-216-4424,Indiana,7800
23547,Rayna,Fley,Male,23,rfley1o@archive.org,605-234-9720,South Dakota,9106
76326,Athene,Gammell,Male,68,agammell1p@wordpress.org,202-940-2934,District of Columbia,7876
39776,Kelcy,Gerald,Female,77,kgerald1q@illinois.edu,408-441-1831,California,9059
52231,Mureil,Glassopp,Female,35,mglassopp1r@examiner.com,585-812-6631,New York,3370
50547,Corey,Verry,Female,24,cverry1s@walmart.com,646-699-3091,New York,1004
95791,Sibyl,Hutable,Male,61,shutable1t@bravesites.com,407-432-1138,Florida,8648
88350,Adoree,Bogges,Female,31,abogges1u@kickstarter.com,918-152-9343,Oklahoma,812
31867,Leshia,Commucci,Non-binary,35,lcommucci1v@ebay.co.uk,615-506-8058,Tennessee,5797
94411,Liv,Tomasello,Male,79,ltomasello1w@state.tx.us,765-154-9359,Indiana,3240
63784,Lela,Turbat,Female,45,lturbat1x@samsung.com,763-833-0923,Minnesota,7384
34005,Tandi,Greet,Female,23,tgreet1y@xinhuanet.com,724-441-9517,Pennsylvania,7082
88451,Costanza,Stebbin,Female,26,cstebbin1z@etsy.com,309-193-5435,Illinois,329
57109,Mitchell,Masding,Female,68,mmasding20@gizmodo.com,214-301-8618,Texas,3996
39681,Merrilee,Baude,Female,32,mbaude21@weibo.com,612-654-8817,Minnesota,2719
17961,Tremayne,LaBastida,Non-binary,73,tlabastida22@amazon.de,503-608-3364,Oregon,981
63576,Ezri,Delve,Male,29,edelve23@wikispaces.com,651-298-7206,Minnesota,2014
30012,Georgeanne,Lemme,Male,63,glemme24@oaic.gov.au,406-733-6207,Montana,174
71422,Phillipp,Skipper,Female,35,pskipper25@netscape.com,858-949-2312,California,7435
80992,Ware,Filer,Male,67,wfiler26@google.pl,814-396-6061,Pennsylvania,4546
13219,Zacharias,McAvaddy,Female,79,zmcavaddy27@ft.com,520-609-5675,Arizona,1435
85882,Scot,Sunshine,Male,47,ssunshine28@sun.com,617-770-8889,Massachusetts,9205
84489,Constantin,Winckles,Female,64,cwinckles29@geocities.com,432-751-9032,Texas,5024
52515,Filberto,Sinton,Female,80,fsinton2a@wiley.com,903-835-1800,Texas,9536
37947,Arvin,Chasen,Female,21,achasen2b@ibm.com,862-944-8158,New Jersey,7748
35473,Adolf,Pascall,Female,42,apascall2c@eepurl.com,713-586-0067,Texas,1181
12838,Dorthea,Treher,Male,65,dtreher2d@oracle.com,571-435-4348,Virginia,278
58623,Dillon,Stidston,Female,57,dstidston2e@msu.edu,508-330-2407,Massachusetts,1670
17594,Tandy,Pinyon,Male,76,tpinyon2f@go.com,412-358-3133,Pennsylvania,6476
95133,Roldan,Minillo,Female,31,rminillo2g@dailymotion.com,630-261-8643,Illinois,4474
41232,Sandi,Haruard,Female,25,sharuard2h@walmart.com,205-138-2206,Alabama,8709
58775,Lauren,Simonich,Female,27,lsimonich2i@behance.net,614-389-7236,Ohio,159
77784,Willyt,Shaylor,Female,62,wshaylor2j@china.com.cn,913-363-9607,Kansas,4650
69537,Thor,Eve,Non-binary,36,teve2k@economist.com,561-447-2087,Florida,5302
35248,Timoteo,Derwin,Non-binary,49,tderwin2l@eepurl.com,212-712-1039,New York,3456
51650,Swen,Matyukon,Male,46,smatyukon2m@issuu.com,937-750-2459,Ohio,9913
10213,Barbara,Bohman,Male,23,bbohman2n@tinyurl.com,315-360-5914,New York,6946
38612,Letizia,Tapton,Male,29,ltapton2o@ovh.net,415-825-9928,California,9159
31005,Amata,Claesens,Male,73,aclaesens2p@ustream.tv,971-716-1652,Oregon,1690
27692,Blinni,Gibard,Male,63,bgibard2q@smh.com.au,217-800-9432,Illinois,8113
55124,Ingrim,Tracy,Female,29,itracy2r@bizjournals.com,405-843-2131,Oklahoma,5575
13393,Toby,Rablen,Male,74,trablen2s@uol.com.br,505-882-4649,New Mexico,5037
58208,Adria,Castillon,Male,32,acastillon2t@cpanel.net,503-502-2670,Oregon,8981
62685,Mick,Gumbrell,Female,75,mgumbrell2u@nifty.com,941-305-8382,Florida,3352
15121,Robbie,Maine,Male,50,rmaine2v@bigcartel.com,309-104-3235,Illinois,5478
97489,Blithe,Litzmann,Non-binary,76,blitzmann2w@cargocollective.com,619-476-6132,California,9884
38991,Vanda,Baert,Non-binary,39,vbaert2x@devhub.com,563-347-0704,Iowa,4349
15051,Hebert,Hamson,Female,25,hhamson2y@wordpress.org,808-878-2852,Hawaii,6836
28673,Hynda,Bacchus,Male,53,hbacchus2z@imgur.com,212-751-6295,New York,9486
45601,Izaak,Huerta,Non-binary,28,ihuerta30@blog.com,713-308-8073,Texas,6194
76685,Sholom,Shilito,Non-binary,35,sshilito31@feedburner.com,646-118-7765,New York,3820
91275,Alameda,Fowell,Non-binary,50,afowell32@themeforest.net,505-423-5410,New Mexico,3416
46900,Jacques,Bwy,Female,67,jbwy33@xinhuanet.com,304-522-7379,West Virginia,8544
91245,Reube,Risborough,Male,53,rrisborough34@shutterfly.com,808-213-4199,Hawaii,7006
38071,Kenneth,Raeburn,Female,51,kraeburn35@deliciousdays.com,415-716-3569,California,2882
36735,Nobe,Starsmore,Female,49,nstarsmore36@ustream.tv,218-291-9499,Minnesota,6460
14238,Jammie,Allbon,Female,48,jallbon37@angelfire.com,808-274-5846,Hawaii,9172
86718,Aurthur,Rozalski,Male,63,arozalski38@loc.gov,419-466-0755,Ohio,47
32706,Omero,Outright,Non-binary,27,ooutright39@fotki.com,573-721-3797,Missouri,4817
89069,Shurlocke,Atley,Male,21,satley3a@youku.com,214-468-0840,Texas,6427
11675,Woodman,Servis,Male,62,wservis3b@symantec.com,202-104-5266,District of Columbia,1864
21521,Raven,Bogges,Female,59,rbogges3c@reuters.com,650-356-9003,California,0
27417,Pauly,Sandars,Female,62,psandars3d@blinklist.com,330-801-5800,Ohio,2361
49220,Hyatt,Ewles,Female,32,hewles3e@gizmodo.com,202-216-4657,District of Columbia,9351
51207,Stanislaw,Gowthorpe,Male,76,sgowthorpe3f@craigslist.org,202-644-6755,District of Columbia,889
65770,Filberte,Swinney,Male,25,fswinney3g@sun.com,202-941-6419,District of Columbia,6428
13342,Johnna,Basten,Male,37,jbasten3h@blogtalkradio.com,786-962-1280,Florida,1256
15065,Che,Bonn,Female,38,cbonn3i@goo.ne.jp,719-193-2481,Colorado,8306
27949,Nolie,Linfoot,Male,72,nlinfoot3j@digg.com,865-189-7157,Tennessee,2853
65320,Inez,Moultrie,Male,68,imoultrie3k@simplemachines.org,716-175-9234,New York,8123
78649,Christie,Saur,Female,31,csaur3l@goo.gl,917-984-0317,New York,8150
94857,Nicko,Swaddle,Female,31,nswaddle3m@newyorker.com,601-318-0614,Mississippi,6865
10566,Mitchel,Purple,Female,77,mpurple3n@webs.com,312-269-0279,Illinois,7339
45224,Lezley,Brecher,Non-binary,36,lbrecher3o@ox.ac.uk,209-941-0808,California,217
29534,Pierrette,Gabbott,Male,29,pgabbott3p@liveinternet.ru,602-103-5497,Arizona,712
22137,Erich,Lawful,Female,39,elawful3q@creativecommons.org,310-113-4036,California,9770
11986,Adrian,Trout,Male,40,atrout3r@4shared.com,440-918-1426,Ohio,1329
76085,Ruthanne,Corradino,Non-binary,69,rcorradino3s@techcrunch.com,336-469-1133,North Carolina,7998
18296,Saundra,Ahrendsen,Female,70,sahrendsen3t@purevolume.com,786-276-1278,Florida,616
35834,Bailey,Orth,Male,64,borth3u@army.mil,678-953-3205,Georgia,6532
28822,Germain,Haresnape,Female,78,gharesnape3v@qq.com,831-553-8134,California,9687
72490,Amalle,Hethron,Male,35,ahethron3w@sphinn.com,423-559-4928,Tennessee,2389
50707,Brenda,Roskam,Non-binary,53,broskam3x@nasa.gov,404-825-6218,Georgia,3089
42968,Dawna,Mountstephen,Male,60,dmountstephen3y@1688.com,858-264-7654,California,5124
80146,Jerrie,Slamaker,Female,47,jslamaker3z@forbes.com,505-692-0702,New Mexico,1397
88393,Any,Burwin,Non-binary,49,aburwin40@etsy.com,215-366-3944,Pennsylvania,8171
52154,Maddy,Treversh,Male,36,mtreversh41@symantec.com,316-772-1859,Kansas,8313
89579,Linn,Huntall,Female,54,lhuntall42@jiathis.com,707-286-2952,California,5451
53031,Carine,Churchley,Female,32,cchurchley43@ibm.com,212-715-2474,New York,6455
77083,Mame,Belfrage,Male,52,mbelfrage44@apple.com,559-341-8692,California,7400
38746,Cesaro,Von Welden,Female,27,cvonwelden45@unicef.org,202-308-3672,District of Columbia,9250
26749,Yoshiko,McCafferky,Female,32,ymccafferky46@ameblo.jp,305-216-3182,Florida,3060
83314,Gussi,Boecke,Male,58,gboecke47@dagondesign.com,617-698-5699,Massachusetts,8750
43083,Anni,Renad,Male,55,arenad48@rakuten.co.jp,765-909-3241,Indiana,2199
74693,Ingram,Marlon,Female,60,imarlon49@wikipedia.org,216-867-4596,Ohio,8187
41440,Sophie,Sharnock,Male,59,ssharnock4a@tripadvisor.com,813-499-6297,Florida,560
32659,Leigh,Lyver,Male,38,llyver4b@un.org,832-810-9768,Texas,4108
95503,Hoyt,Kilbey,Male,21,hkilbey4c@istockphoto.com,408-218-3916,California,8361
46481,Chic,Vowdon,Female,31,cvowdon4d@bbb.org,915-337-7297,Texas,1739
26114,Ase,McClarence,Non-binary,65,amcclarence4e@hatena.ne.jp,434-187-6021,Virginia,633
63903,Gradey,Santry,Female,52,gsantry4f@telegraph.co.uk,850-215-6853,Florida,7221
68549,Eward,Le Marchand,Female,57,elemarchand4g@joomla.org,501-974-2957,Arkansas,8422
70681,Nicol,Dressel,Male,59,ndressel4h@wunderground.com,561-390-3287,Florida,3237
49723,Quinton,Fant,Male,44,qfant4i@patch.com,601-438-1892,Mississippi,2415
10702,Vanya,Cordero,Female,69,vcordero4j@github.io,501-723-1547,Arkansas,4950
17931,Jabez,Le Gall,Female,48,jlegall4k@whitehouse.gov,253-768-7383,Washington,3868
69453,Winni,Clemmen,Female,41,wclemmen4l@acquirethisname.com,239-476-4485,Florida,8832
56618,Filippo,Denniss,Male,58,fdenniss4m@ustream.tv,650-931-4058,California,3064
62148,Albert,Gerssam,Female,76,agerssam4n@bluehost.com,304-447-3719,West Virginia,295
75281,Eyde,Iashvili,Female,25,eiashvili4o@shareasale.com,480-139-6446,Arizona,369
92017,Camey,Kabos,Male,33,ckabos4p@rambler.ru,940-135-4342,Texas,9970
11712,Wadsworth,MacAlees,Female,58,wmacalees4q@cdbaby.com,713-624-8384,Texas,4435
96414,Kelci,Buer,Female,46,kbuer4r@who.int,205-453-3051,Alabama,3631
23233,Gaston,Stump,Male,66,gstump4s@europa.eu,540-143-6171,Virginia,3585
81921,Noll,Fist,Non-binary,75,nfist4t@apache.org,915-167-6110,Texas,8665
87995,Elna,Mockett,Female,21,emockett4u@ezinearticles.com,859-894-4456,Kentucky,4090
57865,Rolfe,Curwood,Male,45,rcurwood4v@nsw.gov.au,812-542-0361,Indiana,1456
15904,Naomi,Bottoner,Female,69,nbottoner4w@spiegel.de,941-381-4190,Florida,3217
47693,Garry,Branchett,Female,26,gbranchett4x@a8.net,361-728-2010,Texas,3604
32584,Philbert,Hadye,Male,62,phadye4y@weibo.com,714-937-0470,California,9807
90034,Gerri,Diemer,Male,59,gdiemer4z@angelfire.com,626-882-0102,California,8643
97115,Lindi,Bulluck,Female,62,lbulluck50@amazon.de,330-624-2761,Ohio,9080
65695,Maurine,McKinlay,Female,61,mmckinlay51@meetup.com,479-437-7733,Arkansas,8840
37076,Efrem,Skeels,Male,49,eskeels52@hhs.gov,336-935-0218,North Carolina,6816
57256,Kaitlin,Tabbitt,Male,69,ktabbitt53@over-blog.com,574-161-9923,Indiana,9530
48795,Pennie,Bridgen,Male,57,pbridgen54@wiley.com,860-595-0448,Connecticut,2910
52727,Essie,Kilsby,Female,21,ekilsby55@taobao.com,949-565-0815,California,7019
47633,Jefferson,Coundley,Female,32,jcoundley56@microsoft.com,917-359-7695,New York,6216
51071,Benedict,Belfit,Female,71,bbelfit57@harvard.edu,818-719-4573,California,8413
62280,Aurea,Haythorne,Male,48,ahaythorne58@baidu.com,817-588-1770,Texas,6122
57570,Tedi,Glavis,Male,76,tglavis59@nps.gov,408-805-9039,California,4708
56561,Ruperta,Marchant,Male,44,rmarchant5a@ask.com,510-538-1789,California,3821
55264,Drusi,Backshaw,Male,34,dbackshaw5b@typepad.com,505-842-5546,New Mexico,4390
97289,Glynis,Rillatt,Female,49,grillatt5c@nasa.gov,408-893-8425,California,6482
77295,Sinclare,Thorsby,Female,41,sthorsby5d@tripod.com,952-338-2840,Minnesota,9475
26853,Allyce,Gierke,Male,43,agierke5e@mediafire.com,212-677-1130,New York,2456
98696,Georas,Hallowes,Male,21,ghallowes5f@mapy.cz,432-196-1051,Texas,5238
20495,Raye,Koppe,Male,59,rkoppe5g@ucsd.edu,203-187-1973,Connecticut,23
69543,Veronike,Yegorkin,Female,24,vyegorkin5h@foxnews.com,304-738-8115,West Virginia,855
10254,Hale,Giorgeschi,Non-binary,36,hgiorgeschi5i@google.it,267-290-7385,Pennsylvania,1918
80916,Bekki,Dufaire,Male,27,bdufaire5j@tripod.com,775-811-2223,Nevada,1549
77155,Travis,Kezor,Female,21,tkezor5k@icq.com,559-611-1614,California,9094
55370,Ingelbert,Mumbey,Male,31,imumbey5l@goo.ne.jp,559-359-4955,California,4159
17538,Ferdinanda,Whitrod,Female,72,fwhitrod5m@pbs.org,786-561-1653,Florida,954
46856,Vance,Fairest,Female,28,vfairest5n@icq.com,571-504-7394,Virginia,5468
20742,Porty,Stigell,Male,67,pstigell5o@goo.gl,612-355-0968,Minnesota,4213
33270,Fran,Simms,Male,34,fsimms5p@cbsnews.com,212-754-3159,New York,3732
71814,Olly,Iacobini,Female,35,oiacobini5q@hao123.com,813-372-6068,Florida,2256
60816,Luciano,Gertray,Female,30,lgertray5r@altervista.org,309-922-2045,Illinois,6302
89744,Raphael,Brightey,Male,46,rbrightey5s@walmart.com,614-325-1762,Ohio,3401
83429,Bailey,Grent,Female,79,bgrent5t@patch.com,212-298-5961,New York,9708
15597,Ford,Pitrollo,Female,69,fpitrollo5u@ask.com,612-916-4215,Minnesota,3793
23036,Dinnie,Capener,Female,34,dcapener5v@fc2.com,603-316-1555,New Hampshire,4693
54939,Alameda,Seathwright,Male,76,aseathwright5w@engadget.com,952-869-2810,Minnesota,6749
60898,Jordain,D'Onisi,Female,21,jdonisi5x@sciencedaily.com,818-329-7195,California,9684
14565,Elnora,Pighills,Non-binary,75,epighills5y@virginia.edu,806-467-6744,Texas,4349
88285,Esma,Cabena,Female,41,ecabena5z@sun.com,419-811-6379,Ohio,2398
90559,Torrie,Fratson,Female,68,tfratson60@cbslocal.com,505-752-9453,New Mexico,6760
40743,Pascal,Van Bruggen,Female,35,pvanbruggen61@imgur.com,801-864-5909,Utah,6997
78884,Marlena,Saunter,Female,29,msaunter62@smugmug.com,704-137-4971,North Carolina,237
96220,Gertrud,Demangeot,Non-binary,55,gdemangeot63@china.com.cn,214-748-3885,Texas,1593
94409,Celeste,Erat,Male,65,cerat64@examiner.com,614-662-6508,Ohio,8354
80217,Edy,Crayden,Female,52,ecrayden65@mtv.com,615-666-4755,Tennessee,6869
42670,Justis,Critten,Female,75,jcritten66@rambler.ru,915-888-3138,Texas,3821
44124,Jamaal,Squires,Female,77,jsquires67@drupal.org,302-235-4044,Delaware,6032
45174,Jsandye,Bristow,Male,32,jbristow68@prlog.org,256-947-4075,Alabama,5093
23307,Natty,Lefley,Female,63,nlefley69@storify.com,916-420-6670,California,8101
91191,Annetta,Slany,Female,21,aslany6a@dion.ne.jp,281-187-3844,Texas,8561
34003,Gaile,Joscelyn,Male,31,gjoscelyn6b@icq.com,434-451-9507,Virginia,5678
37209,Elset,Rubbert,Female,53,erubbert6c@goodreads.com,410-389-5546,Maryland,1555
18878,Bennett,Pavis,Male,66,bpavis6d@icio.us,810-558-5315,Michigan,5483
16979,Alaster,Quodling,Female,33,aquodling6e@accuweather.com,414-911-3617,Wisconsin,3087
46662,Tiebold,Ortmann,Female,50,tortmann6f@gnu.org,210-354-9409,Texas,1933
11446,Carmella,Dows,Female,48,cdows6g@lulu.com,281-152-3665,Texas,4689
64331,Clemmy,Bampkin,Male,40,cbampkin6h@reference.com,806-715-5209,Texas,2824
37748,Cassandra,Welford,Male,29,cwelford6i@who.int,302-319-6771,Delaware,8743
44615,Sheelah,Townshend,Female,42,stownshend6j@aboutads.info,315-502-5723,New York,8521
80226,Ware,Plom,Male,34,wplom6k@live.com,520-626-6668,Arizona,4438
45926,Cal,Hooban,Female,26,chooban6l@weebly.com,716-328-9482,New York,6066
61151,Chlo,Hackly,Female,34,chackly6m@loc.gov,702-211-3738,Nevada,1256
75002,Dorothee,Stillman,Male,53,dstillman6n@weather.com,816-770-2976,Missouri,3211
33233,Kitti,Jerosch,Female,78,kjerosch6o@ca.gov,212-636-9362,New York,1852
54291,Vicky,Noah,Male,46,vnoah6p@google.nl,901-547-8317,Tennessee,7813
81484,Paddie,Goghin,Non-binary,25,pgoghin6q@bizjournals.com,623-832-1695,Arizona,6914
56072,Brear,Barus,Female,33,bbarus6r@zdnet.com,323-114-4120,California,2482
66250,Janet,Quinnet,Male,77,jquinnet6s@ed.gov,862-160-0836,New Jersey,1938
75507,Parrnell,Carnew,Male,27,pcarnew6t@google.co.jp,812-856-1577,Indiana,216
42629,Junina,Palmer,Female,37,jpalmer6u@salon.com,713-125-5733,Texas,574
40469,Lotti,Ledgerton,Female,39,lledgerton6v@wikimedia.org,212-807-3648,New York,6852
96506,Elmer,Tremellier,Female,35,etremellier6w@paginegialle.it,248-852-6389,Michigan,2756
24944,Shelba,Franzman,Female,70,sfranzman6x@techcrunch.com,213-712-3989,California,8037